{
  "low_vol": {
    "0.01": {
      "pnl": 1862.4756114559054,
      "max_abs_inv": 153.73894357373052,
      "fills": 46959
    },
    "0.1": {
      "pnl": 1902.6061414048156,
      "max_abs_inv": 77.13317374567143,
      "fills": 47561
    },
    "0.5": {
      "pnl": 2011.4535028446655,
      "max_abs_inv": 51.54310268781304,
      "fills": 50641
    },
    "1.0": {
      "pnl": 2128.502402986906,
      "max_abs_inv": 36.180179163597906,
      "fills": 54360
    },
    "5.0": {
      "pnl": 2845.9809745020507,
      "max_abs_inv": 19.904595196491066,
      "fills": 80058
    }
  },
  "high_vol": {
    "0.01": {
      "pnl": 1862.857405588496,
      "max_abs_inv": 147.53178235885707,
      "fills": 46888
    },
    "0.1": {
      "pnl": 1906.608533310929,
      "max_abs_inv": 78.95143980182101,
      "fills": 47546
    },
    "0.5": {
      "pnl": 2019.9738806009975,
      "max_abs_inv": 48.39174220505144,
      "fills": 50809
    },
    "1.0": {
      "pnl": 2138.2785506840783,
      "max_abs_inv": 33.94400021752403,
      "fills": 54488
    },
    "5.0": {
      "pnl": 2849.763144462266,
      "max_abs_inv": 20.18973716126754,
      "fills": 80048
    }
  }
}