{
  "n_runs": 500,
  "seeds_per_cell": 20,
  "optimal_gamma_by_smult": {
    "0.5": 5.0,
    "1.0": 5.0,
    "2.0": 5.0,
    "4.0": 5.0,
    "8.0": 5.0
  },
  "mean_pnl_grid": {
    "0.01": {
      "0.5": 1854.4246245317677,
      "1.0": 1852.9085275217826,
      "2.0": 1857.212374073358,
      "4.0": 1861.1568303573617,
      "8.0": 1851.8554390880895
    },
    "0.1": {
      "0.5": 1874.622660105762,
      "1.0": 1874.033938534811,
      "2.0": 1874.2611043153963,
      "4.0": 1873.4634832452255,
      "8.0": 1875.451122213154
    },
    "0.5": {
      "0.5": 1969.8930852427661,
      "1.0": 1970.3858544009836,
      "2.0": 1969.2102294081742,
      "4.0": 1970.6012733413313,
      "8.0": 1966.9438569073532
    },
    "1.0": {
      "0.5": 2084.8896880136244,
      "1.0": 2083.8286810740183,
      "2.0": 2081.6716487429007,
      "4.0": 2081.928218764938,
      "8.0": 2081.3061254510117
    },
    "5.0": {
      "0.5": 2808.1544348727957,
      "1.0": 2807.173426777931,
      "2.0": 2804.2308803731585,
      "4.0": 2802.592739577915,
      "8.0": 2792.8408802986405
    }
  }
}